Precinct,Brent Andersen,Carla Spalding,Dale V.C. Holness,Debbie Wasserman Schultz,Elijah Manley,"Lateresa ""LA"" Jones","Luther ""UncleLuke"" Campbell",Rod Joseph,Sheila Cherfilus-McCormick
A004,37,8,64,122,33,8,40,20,49
A005,22,6,117,176,46,5,64,10,111
A006,3,2,41,44,31,3,34,8,34
A007,22,1,48,91,51,0,26,13,81
A008,3,4,75,84,21,2,71,2,62
A009,17,4,6,27,8,0,5,5,8
A010,14,4,7,22,10,0,7,5,8
A012,50,15,32,141,36,9,22,24,12
A013,75,31,63,134,68,10,32,32,36
C010,64,16,59,143,32,4,31,32,61
C011,9,3,100,170,41,3,105,5,88
C012,0,1,18,7,11,0,11,1,15
C013,85,34,17,293,24,4,0,27,4
C014,7,2,131,172,35,1,150,3,103
C015,9,1,12,22,10,0,6,4,11
C016,2,4,10,24,15,0,3,1,6
C017,6,2,78,89,30,1,58,1,57
C018,77,12,42,171,55,2,12,20,16
C019,96,19,48,269,60,6,15,24,17
C020,233,42,89,659,161,15,45,79,38
C021,18,7,159,150,56,6,108,7,98
C022,0,0,0,1,0,0,1,0,0
D001,76,31,49,184,76,7,29,29,26
D002,136,48,39,413,136,11,21,39,18
D003,39,7,65,215,128,5,27,15,37
D004,126,30,59,250,132,10,24,30,27
D005,36,18,23,104,55,4,14,12,27
D006,21,4,24,152,58,3,13,6,18
D007,94,16,58,285,120,9,31,22,27
D008,46,18,180,397,171,8,92,24,52
D009,5,6,61,56,25,1,28,1,18
E005,63,20,61,178,74,12,26,16,26
E006,105,30,112,225,128,12,34,43,37
E007,148,49,106,353,99,16,46,46,26
E008,150,68,116,374,160,13,38,48,31
E009,120,50,73,297,95,14,29,37,16
E010,116,34,69,244,91,16,25,47,26
E015,45,17,23,49,19,6,8,4,15
E016,154,77,123,364,94,17,35,37,26
F003,101,39,114,374,107,15,36,36,45
F004,234,68,106,869,79,18,23,86,36
F005,73,13,43,101,40,8,18,15,15
F007,87,30,118,274,96,13,46,26,34
G001,47,8,95,103,40,3,20,4,17
G002,63,4,65,155,51,5,29,15,25
G003,110,36,139,236,92,15,45,33,61
G004,26,15,71,110,38,7,12,9,16
G005,49,14,145,169,55,5,31,12,49
G006,38,10,99,96,44,4,38,8,46
G007,47,18,39,89,15,6,15,14,13
G008,160,48,300,530,142,14,44,74,95
G009,71,30,68,145,47,9,31,22,35
G010,118,36,181,332,104,18,46,37,42
H001,0,0,2,3,6,0,0,0,0
H002,30,10,154,149,62,5,45,11,78
H003,33,6,258,233,67,5,74,10,122
H004,30,21,223,181,67,2,45,7,111
H005,6,4,116,95,47,4,34,1,34
H006,1,2,50,44,18,1,14,1,19
H007,45,14,136,174,65,4,32,12,64
J001,25,8,63,80,31,5,21,7,18
J002,51,14,153,220,35,11,22,22,31
J003,30,8,98,144,41,7,19,15,37
J004,49,18,227,260,81,8,44,15,64
J005,24,6,45,83,16,5,11,1,25
J006,17,9,70,99,52,3,23,16,32
J007,100,37,175,287,78,17,35,33,74
J008,99,35,162,347,105,13,63,30,59
J009,66,34,182,282,69,6,26,22,76
J010,77,24,168,298,122,12,43,28,55
J011,172,65,258,880,117,18,49,82,81
J012,152,67,201,722,98,13,44,58,70
J013,57,21,178,246,67,6,55,22,60
K001,4,0,85,82,21,0,28,1,26
K002,4,6,194,145,58,3,61,4,74
K003,6,4,324,255,65,2,92,14,102
K004,5,4,176,149,26,4,31,5,51
K005,20,10,201,163,47,1,49,10,116
K006,16,4,355,347,69,0,89,4,166
L001,5,3,230,261,66,3,152,4,81
L002,7,6,204,179,42,3,56,14,75
L003,7,6,303,288,45,9,78,14,111
L004,5,1,149,153,28,0,64,3,69
L005,9,3,148,111,32,0,61,4,49
L006,3,2,232,131,47,1,45,10,76
L007,36,9,339,347,101,8,64,27,96
L008,57,19,542,584,152,14,125,46,152
L009,48,16,258,318,101,5,62,26,85
L010,4,2,134,201,45,0,99,1,64
M001,15,5,182,170,35,1,49,10,78
M002,18,7,231,225,72,6,58,18,111
M003,89,28,276,409,115,5,80,41,113
M004,28,16,71,95,26,1,7,8,25
M005,25,7,87,128,53,3,33,9,31
M006,116,67,182,468,79,11,52,52,82
M007,20,14,23,61,16,2,5,4,10
M008,49,16,121,169,82,4,32,25,50
M009,74,21,159,265,97,6,49,26,59
M010,90,37,88,388,57,8,22,34,44
M011,31,19,93,130,56,3,26,5,24
M012,15,4,31,69,8,4,10,10,0
M013,75,38,53,165,52,6,26,19,23
N001,28,10,251,229,92,4,86,27,77
N002,24,17,38,68,32,3,5,12,4
N004,54,22,35,124,38,5,19,24,7
N005,91,50,113,276,95,10,47,51,24
N006,55,40,115,237,98,7,38,26,44
N007,34,22,45,136,29,11,29,23,5
N008,19,19,22,99,42,3,10,25,13
N009,26,10,31,49,49,0,16,8,12
N010,85,33,87,366,62,15,31,45,22
N011,114,50,68,401,61,13,15,35,15
N012,135,86,119,603,157,18,51,66,33
N016,78,35,66,263,61,7,21,40,7
P001,116,59,161,1088,468,14,20,37,34
P002,34,15,39,326,130,3,7,14,20
R001,44,18,31,56,18,8,7,10,7
R002,81,27,45,99,47,8,22,26,16
R003,8,1,4,12,4,0,2,3,0
R005,115,38,32,202,62,7,11,33,5
R010,22,4,4,42,9,1,1,1,2
R016,87,26,19,161,37,5,10,45,6
R017,105,25,41,258,78,7,12,39,10
R018,99,45,67,425,116,12,12,50,20
R019,7,0,11,67,47,0,5,1,7
R020,25,9,53,257,125,7,10,10,27
R021,80,25,32,282,103,11,7,19,9
R022,71,18,61,161,121,6,31,29,16
R023,1,2,94,127,41,2,89,2,23
R024,1,1,25,35,15,1,35,3,11
R025,40,8,29,109,53,2,15,16,9
R026,133,54,57,228,93,11,13,40,9
R027,30,11,45,108,51,6,32,8,15
R034,0,0,8,9,4,0,5,0,1
R035,2,2,142,152,41,4,84,4,46
R036,21,8,231,268,68,2,105,8,100
R037,15,5,184,204,59,4,77,7,64
R038,4,2,107,169,58,1,121,6,71
R039,10,4,151,176,61,2,125,2,72
R040,7,5,153,161,55,1,96,8,103
R041,1,0,25,40,27,0,12,1,18
R042,22,7,87,191,94,2,54,11,84
Z001,12,1,200,214,82,2,189,5,73
Z073,5,0,1,2,4,0,1,0,0
